param,name,side
p_195479_2_,posIn,2
p_212997_1_,textIn,0
p_213904_1_,playerIn,2
p_213905_0_,playerIn,2
p_213905_1_,codeIn,2
p_213905_2_,tileName,2
p_216188_1_,stackConsumer,2
p_216188_2_,contextIn,2
p_218071_1_,searchNBT,2
p_219441_1_,playerIn,2
p_219441_2_,worldIn,2
p_219441_3_,stackIn,2
p_219441_4_,handIn,2
p_219441_5_,hit,2
p_219964_1_,stackIn,2
p_225316_1_,entityClassIn,2
p_225316_2_,aabb,2
p_225316_3_,filterIn,2
p_225422_1_,writerIn,2
p_225423_1_,propertyIn,2
p_225425_0_,string,2
p_225426_1_,entriesIn,2
p_225427_1_,entriesIn,2
p_225551_1_,regionIn,2
p_225551_2_,chunkIn,2
p_227545_0_,blockIn,2
p_227552_1_,propertyIn,2
p_230299_1_,hit,2
p_230350_1_,seed,2
p_230350_3_,biomesIn,2
p_230350_4_,chunkIn,2
p_230350_5_,stageIn,2
p_230351_1_,regionIn,2
p_230351_2_,structuresIn,2
p_230352_1_,worldIn,2
p_230352_2_,structuresIn,2
p_230352_3_,chunkIn,2
p_230354_1_,regionIn,2
p_230364_1_,registriesIn,2
p_230364_2_,generatorIn,2
p_230364_3_,templatesIn,2
p_230364_4_,chunkX,2
p_230364_5_,chunkZ,2
p_230364_6_,biomeIn,2
p_230364_7_,configIn,2
p_230374_1_,rand,2
p_230374_2_,trunkHeight,2
p_230374_3_,configIn,2
p_230382_1_,worldIn,2
p_230382_2_,rand,2
p_230382_3_,trunkHeight,2
p_230382_4_,targetPos,2
p_230382_5_,positionsIn,2
p_230382_6_,mbox,2
p_230382_7_,configIn,2
p_230383_1_,worldIn,2
p_230383_2_,structuresIn,2
p_230383_3_,generatorIn,2
p_230383_4_,rand,2
p_230383_5_,mbox,2
p_230383_6_,chunkIn,2
p_230383_7_,posIn,2
p_233537_0_,isRemote,2
p_233538_0_,elementIn,2
p_233538_1_,isRemote,2
p_235956_1_,worldIn,2
p_235956_2_,structureIn,2
p_235956_3_,searchPos,2
p_235956_4_,radius,2
p_235956_5_,skipExistingChunk,2
p_236752_1_,worldIn,2
p_236752_2_,rand,2
p_236752_3_,configIn,2
p_236752_4_,treeHeight,2
p_236752_5_,foliageIn,2
p_236752_6_,foliageSize,2
p_236752_7_,foliageSpread,2
p_236752_8_,positionsIn,2
p_236752_9_,mbox,2
p_236909_0_,worldIn,2
p_236909_1_,posIn,2
p_236913_0_,worldIn,2
p_236913_1_,posIn,2
p_236913_2_,stateIn,2
p_236913_3_,mbox,2
p_237256_0_,remainingInput,2
p_237256_1_,suggestionStr,2
p_239207_1_,stackIn,0
p_239207_2_,transformIn,0
p_239207_3_,matrixStackIn,0
p_239207_4_,bufferIn,0
p_239207_5_,light,0
p_239207_6_,overlay,0
p_239219_0_,stackIn,2
p_239219_1_,fabulous,2
p_239220_0_,stateIn,2
p_241149_4_,listener,2
p_241151_1_,messageIn,2
p_241151_2_,messageTypeIn,2
p_241151_3_,senderUUID,2
p_241827_1_,sectionIn,2
p_241827_2_,structureIn,2
p_241829_1_,targetIn,2
p_242111_1_,worldIn,2
p_242111_2_,pos,2
p_242111_3_,yaw,2
p_242111_4_,force,2
p_242111_5_,showTitle,2
p_242234_0_,first,0
p_242234_1_,second,0
p_242241_0_,children,0
p_242374_0_,worldIn,2
p_242374_1_,posIn,2
p_242374_2_,yaw,2
p_242374_3_,force,2
p_242374_4_,suppressRespawnAnchorDeplete,2
p_242929_1_,configIn,2
p_242936_1_,biomeRegistryIn,2
p_242936_2_,x,2
p_242936_3_,z,2
p_i51695_1_,writerIn,2
p_i51695_2_,propertiesIn,2
p_i231912_1_,spreadSettings,2
p_i231912_2_,structureSeparation,2
p_i232035_1_,posIn,2
