searge,name,side,desc
field_216082_a,conditions,2,
field_216139_a,FAIL,2,"A loot entry that will behave like always failing its conditions"
field_216140_b,SUCCESS,2,"A loot entry that does nothing but always succeeds."
field_216143_c,conditionPredicate,2,
field_225424_a,properties,2,
field_225429_a,writer,2,
field_225430_b,propertyCount,2,
field_234358_by_,ticksOutOfHell,2,"The time in ticks this hoglin has been out of the nether already."
field_234656_m_,armorAttributes,2,"The attribute modifiers for an armor item."
field_236084_w_,seed,2,
field_242334_c,ticksOutOfHell,2,"The time in ticks this piglin has been out of the nether already."
