param,name,side
p_195479_2_,posIn,2
p_197760_1_,axisIn,0
p_197760_4_,position2,0
p_197874_0_,mergerX,2
p_197874_1_,mergerY,2
p_197874_2_,mergerZ,2
p_197874_3_,shapePart1,2
p_197874_4_,shapePart2,2
p_197874_5_,joinFunction,2
p_197885_0_,minBound,2
p_197885_2_,maxBound,2
p_199410_0_,mergeAmount,2
p_212997_1_,textIn,0
p_213141_1_,taskIn,2
p_213335_1_,slipperiness,2
p_213904_1_,playerIn,2
p_213905_0_,playerIn,2
p_213905_1_,codeIn,2
p_213905_2_,tileName,2
p_216188_1_,stackConsumer,2
p_216188_2_,contextIn,2
p_216384_0_,mainShape,2
p_216384_1_,additionalShapes,2
p_218071_1_,searchNBT,2
p_219106_1_,sectionPosIn,2
p_219107_1_,chunkPosIn,2
p_219111_1_,sectionPosIn,2
p_219112_1_,chunkPosIn,2
p_219113_1_,sectionPosIn,2
p_219114_1_,sectionPosIn,2
p_219117_1_,chunkPos,2
p_219441_1_,playerIn,2
p_219441_2_,worldIn,2
p_219441_3_,stackIn,2
p_219441_4_,handIn,2
p_219441_5_,hit,2
p_219964_1_,stackIn,2
p_222649_1_,structureMap,2
p_222649_2_,referenceMap,2
p_223138_1_,chunkPosIn,2
p_225316_1_,entityClassIn,2
p_225316_2_,aabb,2
p_225316_3_,filterIn,2
p_225422_1_,writerIn,2
p_225423_1_,propertyIn,2
p_225425_0_,string,2
p_225426_1_,entriesIn,2
p_225427_1_,entriesIn,2
p_225551_1_,regionIn,2
p_225551_2_,chunkIn,2
p_227019_0_,aabb,2
p_227019_1_,directionIn,2
p_227019_2_,amount,2
p_227075_0_,chunkPosIn,2
p_227075_1_,compound,2
p_227090_1_,chunkPosIn,2
p_227093_1_,chunkPosIn,2
p_227093_2_,chunkNbtIn,2
p_227134_1_,chunkPosIn,2
p_227134_2_,storeTypeByte,2
p_227134_3_,inputIn,2
p_227135_1_,chunkPosIn,2
p_227135_2_,chunkDataIn,2
p_227137_0_,bufferIn,2
p_227137_1_,lengthIn,2
p_227144_0_,chunkBytesIn,2
p_227145_1_,chunkPosIn,2
p_227166_0_,storeTypeByte,2
p_227168_1_,inputIn,2
p_227169_1_,outputIn,2
p_227170_0_,storeTypeByte,2
p_227545_0_,blockIn,2
p_227552_1_,propertyIn,2
p_230280_1_,weapon,2
p_230284_1_,target,2
p_230284_2_,stackIn,2
p_230284_3_,projectileIn,2
p_230284_4_,projectileAngle,2
p_230285_1_,fluidIn,2
p_230293_1_,stackin,2
p_230295_1_,groundState,2
p_230299_1_,hit,2
p_230318_1_,entityIn,2
p_230318_2_,aabb,2
p_230318_3_,entityPredicateIn,2
p_230348_1_,chunkX,2
p_230348_2_,chunkZ,2
p_230350_1_,seed,2
p_230350_3_,biomesIn,2
p_230350_4_,chunkIn,2
p_230350_5_,stageIn,2
p_230351_1_,regionIn,2
p_230351_2_,structuresIn,2
p_230352_1_,worldIn,2
p_230352_2_,structuresIn,2
p_230352_3_,chunkIn,2
p_230353_1_,biomeIn,2
p_230353_2_,structuresIn,2
p_230353_3_,classificationIn,2
p_230353_4_,posIn,2
p_230354_1_,regionIn,2
p_230364_1_,registriesIn,2
p_230364_2_,generatorIn,2
p_230364_3_,templatesIn,2
p_230364_4_,chunkX,2
p_230364_5_,chunkZ,2
p_230364_6_,biomeIn,2
p_230364_7_,configIn,2
p_230374_1_,rand,2
p_230374_2_,trunkHeight,2
p_230374_3_,configIn,2
p_230382_1_,worldIn,2
p_230382_2_,rand,2
p_230382_3_,trunkHeight,2
p_230382_4_,targetPos,2
p_230382_5_,positionsIn,2
p_230382_6_,mbox,2
p_230382_7_,configIn,2
p_230383_1_,worldIn,2
p_230383_2_,structuresIn,2
p_230383_3_,generatorIn,2
p_230383_4_,rand,2
p_230383_5_,mbox,2
p_230383_6_,chunkIn,2
p_230383_7_,posIn,2
p_230427_1_,memberName,2
p_230487_1_,directionIn,0
p_230487_2_,diffuseLightingIn,0
p_232644_1_,playerIn,2
p_232644_2_,isDimensionTravel,2
p_233003_1_,exceptionIn,2
p_233528_1_,taskIn,2
p_233537_0_,isRemote,2
p_233538_0_,elementIn,2
p_233538_1_,isRemote,2
p_233626_1_,gravityIn,2
p_233626_3_,isSlowFalling,2
p_233626_4_,motionIn,2
p_233628_1_,entityIn,2
p_233629_1_,entityIn,2
p_233629_2_,isFlyingEntity,2
p_233633_1_,relativeMoveVector,2
p_233633_2_,slipperiness,2
p_233634_1_,itemPredicate,2
p_233646_1_,effectIn,0
p_233655_1_,playerIn,2
p_233655_2_,heldItem,2
p_233655_3_,playerUsingItem,2
p_233656_1_,newType,2
p_233656_2_,copyEquipment,2
p_233657_1_,slotIn,2
p_233657_2_,stackIn,2
p_233659_1_,candidate,2
p_233659_2_,existing,2
p_233660_1_,nodeType,2
p_233663_1_,slotIn,2
p_233665_1_,stackIn,2
p_234150_0_,onChangeIn,2
p_234158_0_,onPoiChangeIn,2
p_234279_1_,shooter,2
p_234279_2_,target,2
p_234279_3_,projectileIn,2
p_234279_4_,projectileAngle,2
p_234279_5_,velocity,2
p_234280_1_,shooter,2
p_234280_2_,directionVec,2
p_234280_3_,projectileAngle,2
p_234416_1_,worldIn,2
p_234417_1_,entityIn,2
p_234417_2_,maxRecursion,2
p_234418_0_,entityTypeIn,2
p_234418_1_,worldIn,2
p_234418_2_,reasonIn,2
p_234418_3_,posIn,2
p_234418_4_,rand,2
p_234419_1_,slotIn,2
p_234419_2_,stackIn,2
p_234436_1_,stackIn,2
p_234437_1_,stackIn,2
p_234438_1_,stackIn,2
p_234439_1_,stackIn,2
p_234440_1_,equipmentStack,2
p_234442_1_,dancingIn,2
p_234451_0_,piglin,2
p_234452_0_,piglin,2
p_234454_0_,piglin,2
p_234455_0_,piglin,2
p_234459_0_,entityTypeIn,2
p_234460_0_,entityIn,2
p_234461_0_,piglin,2
p_234461_1_,attackTarget,2
p_234464_0_,brainIn,2
p_234465_0_,itemEntityIn,2
p_234466_0_,piglin,2
p_234467_0_,piglin,2
p_234467_1_,ridingEntity,2
p_234468_0_,piglin,2
p_234468_1_,attackerIn,2
p_234469_0_,piglin,2
p_234469_1_,brainIn,2
p_234470_0_,piglin,2
p_234470_1_,stackIn,2
p_234471_0_,piglin,2
p_234471_1_,playerIn,2
p_234471_2_,handIn,2
p_234472_0_,piglin,2
p_234472_1_,playerIn,2
p_234472_2_,stacksIn,2
p_234474_0_,piglin,2
p_234474_1_,stackIn,2
p_234475_0_,piglin,2
p_234475_1_,stacksIn,2
p_234476_0_,piglin,2
p_234476_1_,stacksIn,2
p_234476_2_,towards,2
p_234477_0_,piglin,2
p_234477_1_,canTrade,2
p_234478_0_,playerIn,2
p_234478_1_,piglinMustSeePlayer,2
p_234480_0_,itemIn,2
p_234482_0_,playerIn,2
p_234485_0_,brainIn,2
p_234487_0_,piglin,2
p_234487_1_,targetIn,2
p_234488_0_,piglin,2
p_234488_1_,brainIn,2
p_234489_0_,piglin,2
p_234489_1_,stackIn,2
p_234490_0_,piglin,2
p_234490_1_,stacksIn,2
p_234492_0_,itemIn,2
p_234494_0_,entityIn,2
p_234495_0_,brainIn,2
p_234496_0_,piglin,2
p_234497_0_,piglin,2
p_234497_1_,targetIn,2
p_234498_0_,piglin,2
p_234498_1_,stackIn,2
p_234499_0_,itemIn,2
p_234501_0_,entityIn,2
p_234502_0_,brainIn,2
p_234504_0_,piglin,2
p_234504_1_,attackTarget,2
p_234506_0_,targetIn,2
p_234507_0_,brainIn,2
p_234508_0_,piglin,2
p_234509_0_,piglin,2
p_234509_1_,attackerIn,2
p_234510_0_,piglin,2
p_234511_0_,brainIn,2
p_234512_0_,piglin,2
p_234514_0_,piglin,2
p_234515_0_,piglin,2
p_234517_0_,entityIn,2
p_234518_0_,piglin,2
p_234519_0_,piglin,2
p_234519_1_,defaultAvoidingEntity,2
p_234520_0_,piglin,2
p_234521_0_,piglin,2
p_234521_1_,avoidingEntity,2
p_234522_0_,piglin,2
p_234524_0_,piglin,2
p_234525_0_,piglin,2
p_234526_0_,piglin,2
p_234528_0_,piglin,2
p_234529_0_,piglin,2
p_234530_0_,piglin,2
p_234531_0_,piglin,2
p_234532_0_,piglin,2
p_234533_0_,piglin,2
p_234534_0_,piglin,2
p_234535_0_,piglin,2
p_234536_0_,piglin,2
p_234537_0_,piglin,2
p_234538_0_,piglin,2
p_234539_1_,entityIn,2
p_235956_1_,worldIn,2
p_235956_2_,structureIn,2
p_235956_3_,searchPos,2
p_235956_4_,radius,2
p_235956_5_,skipExistingChunk,2
p_235967_0_,templateManagerIn,2
p_235967_1_,compound,2
p_235967_2_,seed,2
p_235975_1_,taskIn,2
p_235991_1_,chunkPosIn,2
p_235991_2_,formatIn,2
p_235992_1_,chunkPosIn,2
p_235992_2_,formatIn,2
p_235992_3_,dataIn,2
p_235993_0_,dataIn,2
p_235995_1_,sectionPosIn,2
p_236086_1_,noise,2
p_236086_3_,height,2
p_236087_1_,chunkX,2
p_236087_2_,chunkZ,2
p_236087_3_,stateArray,2
p_236087_4_,stateCondition,2
p_236388_3_,centerPos,2
p_236391_1_,config,2
p_236752_1_,worldIn,2
p_236752_2_,rand,2
p_236752_3_,configIn,2
p_236752_4_,treeHeight,2
p_236752_5_,foliageIn,2
p_236752_6_,foliageSize,2
p_236752_7_,foliageSpread,2
p_236752_8_,positionsIn,2
p_236752_9_,mbox,2
p_236909_0_,worldIn,2
p_236909_1_,posIn,2
p_236913_0_,worldIn,2
p_236913_1_,posIn,2
p_236913_2_,stateIn,2
p_236913_3_,mbox,2
p_237256_0_,remainingInput,2
p_237256_1_,suggestionStr,2
p_237500_0_,teamIn,2
p_237500_1_,playerName,2
p_239207_1_,stackIn,0
p_239207_2_,transformIn,0
p_239207_3_,matrixStackIn,0
p_239207_4_,bufferIn,0
p_239207_5_,light,0
p_239207_6_,overlay,0
p_239219_0_,stackIn,2
p_239219_1_,fabulous,2
p_239220_0_,stateIn,2
p_241149_4_,listener,2
p_241151_1_,messageIn,2
p_241151_2_,messageTypeIn,2
p_241151_3_,senderUUID,2
p_241417_1_,soundIn,2
p_241422_0_,piglin,2
p_241422_1_,activityIn,2
p_241427_0_,piglin,2
p_241427_1_,stackIn,2
p_241429_0_,piglin,2
p_241430_0_,piglin,2
p_241432_0_,piglin,2
p_241827_1_,sectionIn,2
p_241827_2_,structureIn,2
p_241829_1_,targetIn,2
p_241830_1_,targetWorld,2
p_241830_2_,posIn,2
p_241830_3_,isNether,2
p_241844_1_,localDifficulty,2
p_241854_1_,stateIn,2
p_241854_2_,worldIn,2
p_241854_3_,posIn,2
p_241854_4_,directionIn,2
p_241872_1_,axisIn,2
p_241872_2_,n,2
p_242111_1_,worldIn,2
p_242111_2_,pos,2
p_242111_3_,yaw,2
p_242111_4_,force,2
p_242111_5_,showTitle,2
p_242234_0_,first,0
p_242234_1_,second,0
p_242241_0_,children,0
p_242278_1_,posIn,0
p_242285_1_,xIn,2
p_242285_3_,yIn,2
p_242285_5_,zIn,2
p_242286_1_,entityPos,2
p_242288_0_,relativePosition,2
p_242289_1_,localDifficulty,2
p_242289_2_,slotIn,2
p_242340_1_,immune,2
p_242347_0_,entityIn,2
p_242349_0_,piglin,2
p_242350_0_,piglin,2
p_242350_1_,attackTarget,2
p_242351_0_,piglin,2
p_242351_1_,memoryIn,2
p_242352_0_,piglin,2
p_242353_0_,piglin,2
p_242353_1_,attackerIn,2
p_242354_0_,piglin,2
p_242354_1_,brainIn,2
p_242358_0_,piglin,2
p_242359_0_,piglin,2
p_242359_1_,brainIn,2
p_242360_0_,piglin,2
p_242362_0_,piglin,2
p_242362_1_,brainIn,2
p_242363_0_,piglin,2
p_242364_0_,piglin,2
p_242364_1_,brainIn,2
p_242374_0_,worldIn,2
p_242374_1_,posIn,2
p_242374_2_,yaw,2
p_242374_3_,force,2
p_242374_4_,suppressRespawnAnchorDeplete,2
p_242405_1_,entityIn,0
p_242405_2_,aabb,0
p_242405_3_,statePosPredicate,0
p_242705_1_,structureIn,2
p_242705_2_,dynamicRegistries,2
p_242705_3_,structuresIn,2
p_242705_4_,chunkIn,2
p_242705_5_,templatesIn,2
p_242705_6_,seed,2
p_242705_8_,chunkPos,2
p_242705_9_,biome,2
p_242707_1_,dynamicRegistries,2
p_242707_2_,structureIn,2
p_242707_3_,chunkIn,2
p_242707_4_,templatesIn,2
p_242707_5_,seed,2
p_242741_0_,structuresIn,2
p_242741_1_,defaultBlock,2
p_242741_2_,defaultFluid,2
p_242741_3_,resourceLocation,2
p_242742_0_,structuresIn,2
p_242742_1_,defaultBlock,2
p_242742_2_,defaultFluid,2
p_242742_5_,alternativeNoise,2
p_242743_0_,structuresIn,2
p_242743_1_,amplified,2
p_242743_2_,resourceLocation,2
p_242929_1_,configIn,2
p_242936_1_,biomeRegistryIn,2
p_242936_2_,x,2
p_242936_3_,z,2
p_243514_0_,center,2
p_243514_1_,n,2
p_243514_2_,direction1,2
p_243514_3_,direction2,2
p_244803_1_,randIn,2
p_i50698_1_,worldIn,2
p_i50698_2_,chunksIn,2
p_i51695_1_,writerIn,2
p_i51695_2_,propertiesIn,2
p_i225787_1_,storeTypeByteIn,2
p_i225787_2_,inputWrapperIn,2
p_i225787_3_,outputWrapperIn,2
p_i231570_1_,entityTypeIn,2
p_i231570_2_,worldIn,2
p_i231573_1_,durationIn,2
p_i231574_1_,admireRange,2
p_i231890_1_,regionFolderIn,2
p_i231890_2_,syncIoIn,2
p_i231890_3_,workerNameIn,2
p_i231891_1_,chunkNbtIn,2
p_i231893_1_,regionFileIn,2
p_i231893_2_,regionFolderIn,2
p_i231893_3_,syncIoIn,2
p_i231894_1_,regionFileIn,2
p_i231894_2_,regionFolderIn,2
p_i231894_3_,regionFileVersionIn,2
p_i231894_4_,syncIoIn,2
p_i231895_1_,folderIn,2
p_i231895_2_,syncIoIn,2
p_i231897_1_,regionFolderIn,2
p_i231897_2_,codecFactoryIn,2
p_i231897_3_,elementFactoryIn,2
p_i231897_4_,dataFixerIn,2
p_i231897_5_,contentTypeIn,2
p_i231897_6_,syncIoIn,2
p_i231909_1_,horizontalScaleIn,2
p_i231909_3_,verticalScaleIn,2
p_i231909_5_,horizontalNoiseFactorIn,2
p_i231909_7_,verticalNoiseFactorIn,2
p_i231910_1_,worldGenHeightIn,2
p_i231910_2_,scalingIn,2
p_i231910_3_,upperSlideIn,2
p_i231910_4_,lowerSlideIn,2
p_i231910_5_,horizontalNoiseCountIn,2
p_i231910_6_,verticalNoiseCountIn,2
p_i231910_7_,densityIn,2
p_i231910_9_,densityOffsetIn,2
p_i231910_11_,surfaceNoiseIn,2
p_i231910_12_,densityRandomIn,2
p_i231910_13_,alternativeIslandPatternIn,2
p_i231910_14_,amplifiedIn,2
p_i231911_1_,targetIn,2
p_i231911_2_,sizeIn,2
p_i231911_3_,offsetIn,2
p_i231912_1_,spreadSettings,2
p_i231912_2_,structureSeparation,2
p_i231913_1_,hasSpreadSettings,2
p_i232018_1_,distanceIn,2
p_i232018_2_,spreadIn,2
p_i232018_3_,countIn,2
p_i232019_1_,spacingIn,2
p_i232019_2_,separationIn,2
p_i232019_3_,saltIn,2
p_i232035_1_,posIn,2
p_i241915_1_,entityTypeIn,2
p_i241915_2_,worldIn,2
p_i241917_1_,entityTypeIn,2
p_i241917_2_,worldIn,2
p_i241918_1_,maxTimeRunningForItemIn,2
p_i241918_2_,ignoreTime,2
p_i244720_1_,cause,2
