searge,name,side,desc
func_195394_a,setExperience,2,"Sets the experience value for a player. This is not the percentage of the xp bar. When calling this, The filling of the xp bar is calculated based on the current xp level. So you'll most likely call this after setting the experience level."
func_212845_d_,getSelf,2,
func_212997_a,inputUpdate,0,"Called whenever the chat input changes."
func_215931_a,builder,2,"Returns a new builder for the set damage loot function"
func_216079_f,getConditions,2,
func_216167_a,builder,2,"Returns a new builder for an empty loot entry."
func_216188_a,generateLoot,2,"Generates the loot for this generator."
func_218071_a,findTags,2,"Find NBT Tags matching this NBT path."
func_219441_a,processItemUsage,2,
func_225422_a,build,2,
func_225423_a,addProperty,2,"Adds a new propertiy to this CSV builder"
func_225425_a,escapeString,2,
func_225426_a,addEntry,2,"Adds a new entry to this CSV writer"
func_225427_a,addEntryInternal,2,
func_225428_a,newBuilder,2,"Creates a new builder for a CSV writer."
func_227545_a_,builder,2,"Returns a new builder for the copy block state loot function."
func_227552_a_,with,2,"Adds a property to the builder that should be copied."
func_230299_a_,onBlockHit,2,"Handles a block impact"
func_230347_a_,getChunkGeneratorCodec,2,"Gets the codec for this chunk generator."
func_230349_a_,createForSeed,0,"Creates a new chunk generator of this type for a given seed."
func_230350_a_,generateCarvings,2,"Generates carvings of the world."
func_230351_a_,generateFeatures,2,"Generates biome specific features"
func_230352_b_,generateStructures,0,"Generates structures based on the noise map."
func_230364_a_,addStructurePieces,2,
func_230372_a_,generateFoliage,2,"Places the foliage for this placer"
func_230374_a_,getFoliageSize,2,
func_230383_a_,generateStructurePiece,2,
func_230420_a_,getEntryType,2,
func_232642_a_,sendPacketToWorld,2,"Sends a packet to all players in a specific world."
func_232644_a_,removePlayerAndRespawn,2,"Removes a player from the player list, copies the old data into a new player and spawns it at it's spawn point."
func_233537_a_,successOrConsume,2,"Returns SUCCESS on the logical client and CONSUME on the logical server."
func_233538_a_,successOrConsume,2,"Returns SUCCESS on the logical client and CONSUME on the logical server."
func_233666_p_,getDefaultAttributes,2,"Creates default attributes for a living entity."
func_235011_a_,getStructureSectionStart,2,
func_236199_b_,getSpreadSettings,2,
func_236763_a_,getPos,2,
func_236909_a_,placeTreeSoil,2,"Places the soil for the tree. (The block below the trunk)"
func_236913_a_,handleBlockPlacement,2,"Handles block placement (e.g expanding the bounding box) and places the block."
func_237256_a_,shouldSuggest,2,
func_237477_a_,builder,2,
func_239207_a_,render,0,"Renders the item"
func_239219_a_,getItemRenderType,2,
func_239220_a_,getBlockRenderType,2,
func_240698_i_,getDisplayComponent,2,"Gets the component used to display the keybind."
func_241140_K_,getSpawnPointPos,2,"Gets the block pos of the spawnpoint for this player."
func_241141_L_,getSpawnPointWorld,2,"Gets the world of the spawnpoint for this player."
func_241142_M_,isForcedSpawnPoint,2,"Gets whether the respawn of this player is forced."
func_241755_D_,getOverworld,2,"Gets the Overworld for this minecraft server."
func_241827_a,getStructureSectionStart,2,
func_241828_r,getDynamicRegistries,2,"Gets the dynamic registries instance for a world."
func_241829_a,getPortalInfo,2,
func_241851_ab,getDayTimeInfo,2,"Gets the time of the day from the world info."
func_242109_L,getSpawnPointYaw,2,"Gets the yaw rotation of this player after respawning."
func_242111_a,setSpawnPoint,2,"Sets the respawn point for a player."
func_242234_a,from,0,"Creates a new reordering processor from two other processors."
func_242241_a,fromList,0,"Creates a new reordering processor from a list of other processors."
func_242374_a,getSpawnVec,2,"Looks for a valid respawn location and uses up a charge from a respawn anchor if possible."
func_242415_f,getCelestialAngle,2,"Gets the celestial angle by the current time of the day."
func_242830_b,getAbstractFoliageCodec,2,
func_242929_a,withConfiguration,2,
func_242936_a,getLayerBiome,2,"Gets the biome for this layer at a position."
func_244521_F,getDebugInformation,2,"Gets some debug information about the world in a string."
