searge,name,side,desc
field_216082_a,conditions,2,
field_216139_a,FAIL,2,"A loot entry that will behave like always failing its conditions"
field_216140_b,SUCCESS,2,"A loot entry that does nothing but always succeeds."
field_216143_c,conditionPredicate,2,
field_217380_e,minimumChunkRegionWidth,2,
field_219124_f,elementFactory,2,"A function that creates empty objects of the element type for this region cache. The passed runnable marks the section / chunk for this object dirty."
field_219125_g,dataFixer,2,
field_219126_h,contentType,2,
field_225424_a,properties,2,
field_225429_a,writer,2,
field_225430_b,propertyCount,2,
field_227082_c_,closed,2,
field_227084_e_,regionCache,2,
field_227113_a_,chunkNBT,2,
field_227114_b_,future,2,
field_227123_b_,PLACEHOLDER_BUFFER,2,
field_227124_d_,regionFolder,2,
field_227125_e_,regionFileVersion,2,
field_227126_f_,regionData,2,
field_227128_i_,chunkTrackBitmap,2,
field_227158_a_,GZIP,2,
field_227159_b_,ZLIB,2,
field_227160_c_,UNCOMPRESSED,2,
field_227161_d_,ID_TO_VERSION_MAP,2,
field_227162_e_,storeTypeByte,2,
field_227163_f_,inputDecorator,2,
field_227164_g_,outputDecorator,2,
field_227173_b_,ioWorker,2,
field_233001_a_,wrappedException,2,
field_234358_by_,ticksOutOfHell,2,"The time in ticks this hoglin has been out of the nether already."
field_234656_m_,armorAttributes,2,"The attribute modifiers for an armor item."
field_235949_c_,publicBiomeProvider,2,
field_235969_c_,ioExecutor,2,
field_235986_c_,syncIO,2,
field_235988_e_,codecFactory,2,"A function from a runnable that marks a section dirty to a codec for the elements of this region cache."
field_236084_w_,seed,2,
field_236145_a_,CODEC,2,
field_236146_b_,CODEC_SCALE_RANGE,2,
field_236147_c_,horizontalScale,2,
field_236148_d_,verticalScale,2,
field_236149_e_,horizontalNoiseFactor,2,
field_236150_f_,verticalNoiseFactor,2,
field_236157_b_,worldGenHeight,2,
field_236158_c_,scaling,2,
field_236159_d_,upperSlide,2,
field_236160_e_,lowerSlide,2,
field_236161_f_,horizontalNoiseCount,2,
field_236162_g_,verticalNoiseCount,2,
field_236163_h_,density,2,
field_236164_i_,densityOffset,2,
field_236165_j_,surfaceNoise,2,
field_236166_k_,densityRandom,2,
field_236167_l_,alternativeIslandPattern,2,
field_236168_m_,amplified,2,
field_236183_b_,target,2,
field_236184_c_,size,2,
field_236185_d_,offset,2,
field_236190_a_,CODEC,2,
field_236191_b_,DEFAULT_SEPARATION_SETTINGS,2,
field_236192_c_,DEFAULT_SPREAD_SETTINGS,2,
field_236193_d_,separationSettings,2,
field_236194_e_,spreadSettings,2,
field_236386_w_,featureConfigCodec,2,
field_236656_a_,CODEC,2,
field_236657_b_,distance,2,
field_236658_c_,spread,2,
field_236659_d_,count,2,
field_236664_a_,CODEC,2,
field_236665_b_,spacing,2,
field_236666_c_,separation,2,
field_236667_d_,salt,2,
field_238232_g_,title,0,
field_241159_j_,worldType,2,
field_241160_n_,lowerRegionBound,2,
field_241161_o_,upperRegionBound,2,
field_242334_c,ticksOutOfHell,2,"The time in ticks this piglin has been out of the nether already."
field_243520_e,spiralDirections,2,
field_243521_f,mutablePos,2,
field_243522_g,maxBound,2,
field_243523_h,layers,2,
field_243524_i,currentSideLength,2,
field_243525_j,currentSideAdvance,2,
field_243526_k,currentX,2,
field_243527_l,currentY,2,
field_243528_m,currentZ,2,
field_244530_p,structureManager,2,
