searge,name,side,desc
func_195394_a,setExperience,2,"Sets the experience value for a player. This is not the percentage of the xp bar. When calling this, The filling of the xp bar is calculated based on the current xp level. So you'll most likely call this after setting the experience level."
func_212845_d_,getSelf,2,
func_212997_a,inputUpdate,0,"Called whenever the chat input changes."
func_213141_a,enqueueTask,2,
func_215931_a,builder,2,"Returns a new builder for the set damage loot function"
func_216079_f,getConditions,2,
func_216167_a,builder,2,"Returns a new builder for an empty loot entry."
func_216188_a,generateLoot,2,"Generates the loot for this generator."
func_218071_a,findTags,2,"Find NBT Tags matching this NBT path."
func_219106_c,getOrNull,2,
func_219107_b,load,2,
func_219113_d,get,2,
func_219114_b,isOutOfWorld,2,
func_219441_a,processItemUsage,2,
func_219964_a,checkCode,2,"Checks if the lock code matches the items display name"
func_222661_c,createChunkStream,2,"Gets an output stream for a chunk in this region file. The output stream is cached and the offset for that chunk in the anvil file is determined upon closing the stream."
func_222666_a,getChunkStream,2,"Gets an input stream to read a chunk from this region file. This contains the chunk NBT."
func_223138_c,getChunkNBT,2,
func_225422_a,build,2,
func_225423_a,addProperty,2,"Adds a new propertiy to this CSV builder"
func_225425_a,escapeString,2,
func_225426_a,addEntry,2,"Adds a new entry to this CSV writer"
func_225427_a,addEntryInternal,2,
func_225428_a,newBuilder,2,"Creates a new builder for a CSV writer."
func_227019_a_,expand,2,"Expands a bounding box into a certain direction by a given amount."
func_227024_g_,moveStandingEntities,2,"Moves entities standing on the moving piston if this block is a moving honey block."
func_227088_a_,writeAllChunks,2,
func_227090_a_,readChunkNBT,2,
func_227093_a_,writeChunkNBT,2,
func_227133_a_,getOversizeChunkStream,2,"Gets an input stream to read a chunk from an external chunk path used for oversized chunks."
func_227134_a_,loadChunkStream,2,"Loads an input stream to read a chunk from an input stream containing the part of a region file for that chunk."
func_227135_a_,saveChunk,2,"Saves a chunk to disk."
func_227137_a_,getBufferSlice,2,"Gets a part of the buffer as input stream starting at the buffers current position and ranging the given amount of bytes."
func_227144_c_,getChunkStoreSize,2,
func_227145_e_,getOversizeChunkPath,2,
func_227165_a_,getStoreTypeByte,2,
func_227166_a_,byStoreType,2,
func_227167_a_,create,2,
func_227168_a_,decorateInput,2,
func_227169_a_,decorateOutput,2,
func_227170_b_,isValidStoreType,2,
func_227545_a_,builder,2,"Returns a new builder for the copy block state loot function."
func_227552_a_,with,2,"Adds a property to the builder that should be copied."
func_230299_a_,onBlockHit,2,"Handles a block impact"
func_230347_a_,getChunkGeneratorCodec,2,"Gets the codec for this chunk generator."
func_230348_a_,generateNoiseMap,2,"Generates the noise map for the given chunk at the given coordinates."
func_230349_a_,createForSeed,0,"Creates a new chunk generator of this type for a given seed."
func_230350_a_,generateCarvings,2,"Generates carvings of the world."
func_230351_a_,generateFeatures,2,"Generates biome specific features"
func_230352_b_,generateStructures,0,"Generates structures based on the noise map."
func_230353_a_,getMobSpawners,2,"Gets mob spawn information for a position."
func_230364_a_,addStructurePieces,2,
func_230372_a_,generateFoliage,2,"Places the foliage for this placer"
func_230374_a_,getFoliageSize,2,
func_230383_a_,generateStructurePiece,2,
func_230420_a_,getEntryType,2,
func_230487_a_,getLightColorMultiplier,0,
func_232642_a_,sendPacketToWorld,2,"Sends a packet to all players in a specific world."
func_232644_a_,removePlayerAndRespawn,2,"Removes a player from the player list, copies the old data into a new player and spawns it at it's spawn point. The second parameter specifies whether this was a death or a dimension travel."
func_233002_a_,throwSuppressed,2,"Throws an exception containing all the suppressed exceptions. If no exceptions have been suppressed, does nothing."
func_233003_a_,addSuppressedException,2,"Adds a new suppressed exception to this instance."
func_233528_c_,enqueueFailableTask,2,
func_233531_a_,getProgressForDimension,0,
func_233533_c_,getDimensions,0,
func_233537_a_,successOrConsume,2,"Returns SUCCESS on the logical client and CONSUME on the logical server."
func_233538_a_,successOrConsume,2,"Returns SUCCESS on the logical client and CONSUME on the logical server."
func_233602_m_,getTrackingRange,2,"Gets the tracking range for an entity."
func_233666_p_,getDefaultAttributes,2,"Creates default attributes for a living entity."
func_234150_a_,getCodec,2,
func_234158_a_,getCodec,2,
func_234460_a_,makesPiglinsNeutral,2,"Gets whether a player entity wears armor that makes piglins neutral."
func_234938_ad_,getWorldHeight,2,"The height of the world dimension."
func_235011_a_,getStructureSectionStart,2,
func_235956_a_,findStructure,2,
func_235957_b_,getStructureSettings,2,"Gets the dimension structure settings for this generator."
func_235967_a_,readStructures,2,
func_235975_a_,enqueue,2,
func_235985_a_,flushToDisk,2,"Flushes all system caches for the opened region file if possible."
func_235987_a_,flushToDisk,2,"Flushes all system caches for the opened region files if possible."
func_235991_a_,saveDynamic,2,
func_235992_a_,loadDynamic,2,
func_235993_a_,getDataVersion,2,
func_235995_e_,getOrNew,2,
func_236086_a_,getDefaultNoiseBlock,2,"Gets the default block used for generation of the noise map for a noise value and a height (y coordinate)."
func_236087_a_,fillNoiseMap,2,
func_236151_a_,getHorizontalScale,2,
func_236153_b_,getVerticalScale,2,
func_236154_c_,getHorizontalNoiseFactor,2,
func_236155_d_,getVerticalNoiseFactor,2,
func_236169_a_,getWorldGenHeight,2,
func_236171_b_,getScaling,2,
func_236172_c_,getUpperSlide,2,
func_236173_d_,getLowerSlide,2,
func_236174_e_,getHorizontalNoiseCount,2,
func_236175_f_,getVerticalNoiseCount,2,
func_236176_g_,getDensity,2,
func_236177_h_,getDensityOffset,2,
func_236178_i_,getSurfaceNoise,2,
func_236179_j_,getDensityRandom,2,
func_236180_k_,isAlternativeIslandPattern,2,
func_236181_l_,isAmplified,2,
func_236186_a_,getTarget,2,
func_236188_b_,getSize,2,
func_236189_c_,getOffset,2,
func_236195_a_,getSeparationSettingMap,2,
func_236197_a_,getSeparationSettings,2,
func_236199_b_,getSpreadSettings,2,
func_236388_a_,findStructure,2,
func_236660_a_,getDistance,2,
func_236662_b_,getSpread,2,
func_236663_c_,getCount,2,
func_236668_a_,getSeparation,2,
func_236671_b_,getSpacing,2,
func_236673_c_,getSalt,2,
func_236763_a_,getPos,2,
func_236909_a_,placeTreeSoil,2,"Places the soil for the tree. (The block below the trunk)"
func_236913_a_,handleBlockPlacement,2,"Handles block placement (e.g expanding the bounding box) and places the block."
func_237256_a_,shouldSuggest,2,
func_237477_a_,builder,2,
func_238233_b_,getTitle,0,
func_239207_a_,render,0,"Renders the item"
func_239219_a_,getItemRenderType,2,
func_239220_a_,getBlockRenderType,2,
func_240698_i_,getDisplayComponent,2,"Gets the component used to display the keybind."
func_241140_K_,getSpawnPointPos,2,"Gets the block pos of the spawnpoint for this player."
func_241141_L_,getSpawnPointWorld,2,"Gets the world of the spawnpoint for this player."
func_241142_M_,isForcedSpawnPoint,2,"Gets whether the respawn of this player is forced."
func_241151_a_,sendChatMessage,2,"Sends a chat message to a player."
func_241755_D_,getOverworld,2,"Gets the Overworld for this minecraft server."
func_241827_a,getStructureSectionStart,2,
func_241828_r,getDynamicRegistries,2,"Gets the dynamic registries instance for a world."
func_241829_a,getPortalInfo,2,
func_241851_ab,getDayTimeInfo,2,"Gets the time of the day from the world info."
func_241854_a,checkCollisionShape,2,
func_241872_a,axisOffset,2,
func_242109_L,getSpawnPointYaw,2,"Gets the yaw rotation of this player after respawning."
func_242111_a,setSpawnPoint,2,"Sets the respawn point for a player."
func_242234_a,from,0,"Creates a new reordering processor from two other processors."
func_242241_a,fromList,0,"Creates a new reordering processor from a list of other processors."
func_242374_a,getSpawnVec,2,"Looks for a valid respawn location and uses up a charge from a respawn anchor if possible."
func_242401_i,getRayTraceResult,2,
func_242415_f,getCelestialAngle,2,"Gets the celestial angle by the current time of the day."
func_242705_a,addStructureStart,2,"Adds a structure start to the structure manager."
func_242707_a,addStructureStarts,2,"Adds structure starts for all structures in the dimension settings to the structure manager."
func_242741_a,createNetherLike,2,
func_242742_a,createEndLike,2,
func_242743_a,createOverworldLike,2,
func_242744_a,isValidForDimension,2,"Gets whether this dimension settings are the dimension settings registered for a given world key."
func_242830_b,getAbstractFoliageCodec,2,
func_242929_a,withConfiguration,2,
func_242936_a,getLayerBiome,2,"Gets the biome for this layer at a position."
func_243514_a,iterableSpiralPlane,2,"Gets an iterable that will always return the same mutable block pos but after each call to `next` the mutable is advanced to the next position. Positions in the iterable are located around the center pos and go in the two directions and their opposites by the given amount of blocks as radius. The two directions may not be on the same axis. The position is advanced in a spiral."
func_243531_h,move,2,
func_244521_F,getDebugInformation,2,"Gets some debug information about the world in a string."
func_244709_b,getProtocolVersion,2,
func_244803_b,randomAxisFromPlane,2,"Gets a random axis from this plane."
