searge,name,side,desc
func_195394_a,setExperience,2,"Sets the experience value for a player. This is not the percentage of the xp bar. When calling this, The filling of the xp bar is calculated based on the current xp level. So you'll most likely call this after setting the experience level."
func_204219_dC,getBodyColorComponents,2,
func_204222_dD,getPatternColorComponents,2,
func_205734_a,spawnPlayerInWorld,2,
func_208401_a,spawnEntityParticles,0,
func_212323_p,getPatternDyeColor,2,
func_212324_b,getTranslationKeyPredefined,2,
func_212325_s,getFishSizeIndex,2,
func_212326_d,getBodyDyeColor,2,
func_212327_q,getTranslationKeyUniversal,2,
func_212548_a,getTranslationId,2,
func_212549_c,getTranslationId,2,
func_212550_a,getSize,2,
func_212551_b,getModel,2,
func_212800_dy,shouldSwimRandomly,2,
func_212803_a,addToGroup,2,
func_212810_a,setAsGroupLeader,2,
func_212845_d_,getSelf,2,
func_212997_a,inputUpdate,0,"Called whenever the chat input changes."
func_213141_a,enqueueTask,2,
func_213408_v,getLyingRotation,0,
func_213409_eh,isGifting,2,
func_213411_em,updateGiftingRotations,2,
func_213412_ek,tickCatEffects,2,
func_213415_v,setGifting,2,
func_213416_eg,isLying,2,
func_213418_el,updateLyingRotations,2,
func_213419_u,setLying,2,
func_213421_w,getTailRotation,0,
func_213424_x,getGiftingHeadRotation,0,
func_213445_a,getTypeForBreeding,2,
func_213454_em,wakeUpFox,2,
func_213461_s,setPouncing,2,
func_213467_eg,isChasing,2,
func_213475_v,getInterestedAngle,2,
func_213478_eo,isStanding,2,
func_213480_dY,isPouncing,2,
func_213481_a,canJumpOrFollow,2,
func_213490_ee,canPounce,2,
func_213499_en,resetFlags,2,
func_213502_u,setChasing,2,
func_213503_w,getCrouchAmount,2,
func_213527_s,spawnLoveParticles,2,
func_213529_dV,updateGoals,2,
func_213534_t,setEating,2,
func_213539_dW,isSneezing,2,
func_213542_s,isLying,2,
func_213553_r,setSitting,2,
func_213556_dX,isSitting,2,
func_213564_eh,isRolling,2,
func_213567_dY,isLying,2,
func_213576_v,setRolling,2,
func_213578_dZ,isEating,2,
func_213581_u,setSneezing,2,
func_213590_ei,getTrait,2,"Gets the active gene for this panda entity."
func_213803_dV,getEquippedArmor,2,
func_213804_l,applyHorseArmorAttributes,2,
func_213805_k,setEquippedArmor,2,
func_213814_A,shouldApplyGravity,2,
func_213816_g,handleArmorStandBreak,2,
func_213846_b,triggerDimensionAdvancements,2,
func_213857_z,canMergeWithOthers,2,
func_213858_a,mergeItemEntities,2,
func_213870_w,clearHitEntities,2,
func_215931_a,builder,2,"Returns a new builder for the set damage loot function"
func_216079_f,getConditions,2,
func_216167_a,builder,2,"Returns a new builder for an empty loot entry."
func_216188_a,generateLoot,2,"Generates the loot for this generator."
func_217056_a,placeRecipeEntriesIntoBook,2,
func_218071_a,findTags,2,"Find NBT Tags matching this NBT path."
func_219106_c,getOrNull,2,
func_219107_b,load,2,
func_219113_d,get,2,
func_219114_b,isOutOfWorld,2,
func_219146_b,getWithDistance,2,
func_219441_a,processItemUsage,2,
func_219964_a,checkCode,2,"Checks if the lock code matches the items display name"
func_220759_g,canWander,2,
func_220804_h,summonGifts,2,
func_220805_g,isOnlyGiftingCat,2,
func_220810_a,dropHeldItem,2,
func_220813_g,canSleepHere,2,
func_220814_h,seesTargetableEntity,2,
func_220817_j,findRandomLookTarget,2,
func_220823_j,shouldContinueSleeping,2,
func_221101_b,getTrait,2,
func_221107_c,isRecessive,2,
func_221113_a,attackDragonFrom,2,
func_222661_c,createChunkStream,2,"Gets an output stream for a chunk in this region file. The output stream is cached and the offset for that chunk in the anvil file is determined upon closing the stream."
func_222666_a,getChunkStream,2,"Gets an input stream to read a chunk from this region file. This contains the chunk NBT."
func_223138_c,getChunkNBT,2,
func_223317_c,canParrotSpawnAt,2,
func_223319_c,canOcelotSpawnAt,2,
func_223363_b,canFishSpawnAt,2,
func_223364_b,canDolphinSpawnAt,2,
func_223372_c,tryInsertIntoFilledSlot,2,"Tries to insert the given stack into already filled slots of the inventory that can stack with the given stack. The given stack is shrunk by the amount filled into the inventory."
func_223373_a,stackUp,2,"Tries to move as many items as possible from the first stack to the second stack. This test for the inventory stack limit. This method does not check whether the items are actually stackable."
func_223374_a,extractItem,2,"Extracts the given item from the inventory."
func_223375_b,tryInsertIntoEmptySlot,2,"Tries to insert a copy of the given item stack into an empty slot and sets the count of the given stack to 0 if successful. This will not insert into slots which already have an item."
func_225416_a,processDigPacket,2,
func_225422_a,build,2,
func_225423_a,addProperty,2,"Adds a new propertiy to this CSV builder"
func_225425_a,escapeString,2,
func_225426_a,addEntry,2,"Adds a new entry to this CSV writer"
func_225427_a,addEntryInternal,2,
func_225428_a,newBuilder,2,"Creates a new builder for a CSV writer."
func_225435_d,ignoreInstantDespawnDistance,2,
func_225437_d,shouldIgnoreInstantDespawnDistance,2,
func_225516_i_,tickInGround,2,
func_226339_a_,findTarget,2,
func_226511_et_,getAttackDamage,2,
func_226512_l_,getCracks,2,
func_226515_a_,byAmount,2,
func_226517_es_,getAttackDamage,2,
func_226530_a_,mergeWithOther,2,
func_226531_a_,setMergedStackToEntity,2,
func_227019_a_,expand,2,"Expands a bounding box into a certain direction by a given amount."
func_227024_g_,moveStandingEntities,2,"Moves entities standing on the moving piston if this block is a moving honey block."
func_227088_a_,writeAllChunks,2,
func_227090_a_,readChunkNBT,2,
func_227093_a_,writeChunkNBT,2,
func_227133_a_,getOversizeChunkStream,2,"Gets an input stream to read a chunk from an external chunk path used for oversized chunks."
func_227134_a_,loadChunkStream,2,"Loads an input stream to read a chunk from an input stream containing the part of a region file for that chunk."
func_227135_a_,saveChunk,2,"Saves a chunk to disk."
func_227137_a_,getBufferSlice,2,"Gets a part of the buffer as input stream starting at the buffers current position and ranging the given amount of bytes."
func_227144_c_,getChunkStoreSize,2,
func_227145_e_,getOversizeChunkPath,2,
func_227165_a_,getStoreTypeByte,2,
func_227166_a_,byStoreType,2,
func_227167_a_,create,2,
func_227168_a_,decorateInput,2,
func_227169_a_,decorateOutput,2,
func_227170_b_,isValidStoreType,2,
func_227545_a_,builder,2,"Returns a new builder for the copy block state loot function."
func_227552_a_,with,2,"Adds a property to the builder that should be copied."
func_229022_a_,addDebugMarker,0,
func_229023_a_,renderMarker,0,
func_229027_a_,getRed,0,
func_229028_b_,getGreen,0,
func_229029_c_,getBlue,0,
func_229030_d_,getAlpha,0,
func_229751_a_,sendClearMarkerPacket,2,
func_229752_a_,sendAddMarkerPacket,2,
func_229753_a_,sendDebugPacket,2,
func_229859_a_,addBlockBreakProgress,2,
func_229860_a_,sendDiggingPacket,2,
func_230258_H__,angerEntity,2,
func_230264_L__,canBeSaddled,2,
func_230266_a_,playSaddleEquipSound,2,
func_230273_eI_,addHorseAttributes,2,
func_230274_fe_,getHorseEatSound,2,
func_230275_fc_,updateStateFromInventory,2,
func_230276_fq_,canEquipArmor,2,
func_230277_fr_,hasEquippedArmor,2,
func_230280_a_,canUseRangedWeapon,2,
func_230283_U__,onCrossbowShot,2,
func_230285_a_,canWalkOnFluid,2,"Gets whether this entity can walk on a fluid."
func_230286_q_,hasPathFindingPriorityOverPassengers,2,
func_230293_i_,canSpecialPickUp,2,"Gets whether the entity can equip the item or wants to pick up the item."
func_230295_b_,isSoulSpeedInvalid,2,
func_230296_cM_,isOnSoulBlock,2,
func_230298_a_,canHitTarget,2,
func_230299_a_,onBlockHit,2,"Handles a block impact"
func_230318_c_,getEntityCollisionShapes,2,
func_230347_a_,getChunkGeneratorCodec,2,"Gets the codec for this chunk generator."
func_230348_a_,generateNoiseMap,2,"Generates the noise map for the given chunk at the given coordinates."
func_230349_a_,createForSeed,0,"Creates a new chunk generator of this type for a given seed."
func_230350_a_,generateCarvings,2,"Generates carvings of the world."
func_230351_a_,generateFeatures,2,"Generates biome specific features"
func_230352_b_,generateStructures,0,"Generates structures based on the noise map."
func_230353_a_,getMobSpawners,2,"Gets mob spawn information for a position."
func_230364_a_,addStructurePieces,2,
func_230372_a_,generateFoliage,2,"Places the foliage for this placer"
func_230374_a_,getFoliageSize,2,
func_230383_a_,generateStructurePiece,2,
func_230420_a_,getEntryType,2,
func_230427_d_,decorateMemberName,2,
func_230487_a_,getLightColorMultiplier,0,
func_232642_a_,sendPacketToWorld,2,"Sends a packet to all players in a specific world."
func_232644_a_,removePlayerAndRespawn,2,"Removes a player from the player list, copies the old data into a new player and spawns it at it's spawn point. The second parameter specifies whether this was a death or a dimension travel."
func_233002_a_,throwSuppressed,2,"Throws an exception containing all the suppressed exceptions. If no exceptions have been suppressed, does nothing."
func_233003_a_,addSuppressedException,2,"Adds a new suppressed exception to this instance."
func_233528_c_,enqueueFailableTask,2,
func_233531_a_,getProgressForDimension,0,
func_233533_c_,getDimensions,0,
func_233534_a_,clearMatching,2,"Removes all items from the inventory that match the predicate. You can specify how many items should be cleared at max. Set this to a negative value for unlimited items. Returns the amount of items removed from the inventory."
func_233535_a_,clearMatchingFromSlot,2,
func_233537_a_,successOrConsume,2,"Returns SUCCESS on the logical client and CONSUME on the logical server."
func_233538_a_,successOrConsume,2,"Returns SUCCESS on the logical client and CONSUME on the logical server."
func_233540_a_,areItemsStackable,2,
func_233541_b_,hasSpaceForItem,2,"Gets whether the inventory can hold the given item."
func_233543_f_,clearAndGet,2,"Clears the inventory and gets its contents"
func_233566_aG_,updateFluidState,2,"Updates water and lava states and handles fluid acceleration for both. Return whether the entity is either in water or in lava."
func_233597_a_,doesBlockPreventSpawn,2,
func_233602_m_,getTrackingRange,2,"Gets the tracking range for an entity."
func_233607_a_,spawnAllowingBlocks,2,
func_233626_a_,getFluidMotion,2,
func_233628_a_,dismountFromEntity,2,
func_233629_a_,updateLimbSwing,2,
func_233633_a_,handleWalkMovement,2,
func_233634_a_,isHoldingItem,2,"Gets whether the given item predicates either staisfies the main hand item or the off hand item."
func_233641_cN_,removeSoulSpeedAttribute,2,
func_233642_cO_,updateSoulSpeedAndDamageBoots,2,
func_233644_dn_,getPositionFallingFrom,2,
func_233646_e_,handleReceivedPotionEffect,0,
func_233655_a_,onAttackedPlayer,2,
func_233656_b_,createCopy,2,"Creates a copy of this entity with a different entity type."
func_233657_b_,equipItem,2,"Eqips an item and sets this mob to never despawn."
func_233659_b_,shouldExchangeByDurability,2,
func_233660_b_,shouldSmoothPath,2,
func_233663_d_,setAlwaysDrop,2,"Sets the drop chances, so the mob will always drop the item equipped in a specific slot."
func_233665_g_,tryPickUpItem,2,"Tries to pick up an item. Returns true if the item was picked up."
func_233666_p_,registerAttributes,2,"Creates default attributes for a living entity."
func_233680_b_,isValidAngerAttackTarget,2,
func_233681_b_,forgivePlayer,2,
func_234150_a_,getCodec,2,
func_234158_a_,getCodec,2,
func_234175_m_,registerAttributes,2,
func_234176_m_,registerAttributes,2,
func_234178_eO_,isInLove,2,
func_234182_eX_,registerAttributes,2,
func_234184_eY_,registerAttributes,2,
func_234187_eI_,registerAttributes,2,
func_234190_eK_,registerAttributes,2,
func_234192_eI_,registerAttributes,2,
func_234200_m_,registerAttributes,2,
func_234201_eI_,registerAttributes,2,
func_234204_eW_,registerAttributes,2,
func_234213_eS_,registerAttributes,2,
func_234215_eI_,registerAttributes,2,
func_234219_eI_,registerAttributes,2,
func_234224_eJ_,registerAttributes,2,
func_234226_m_,registerAttributes,2,
func_234227_m_,registerAttributes,2,
func_234228_eK_,registerAttributes,2,
func_234234_eJ_,registerAttributes,2,
func_234236_a_,findDefaultHorseDismountPosition,2,
func_234237_fg_,registerAttributes,2,
func_234238_a_,setHorseVariant,2,
func_234239_eK_,getCoatColor,2,
func_234240_eM_,getCoatType,2,
func_234241_eS_,getHorseVariant,2,
func_234242_w_,setHorseVariant,2,
func_234244_fu_,registerAttributes,2,
func_234248_a_,getById,2,
func_234250_eJ_,registerAttributes,2,
func_234254_a_,getById,2,
func_234256_eJ_,registerAttributes,2,
func_234273_t_,createCopy,2,
func_234274_v_,applyLavaMotion,2,
func_234279_a_,doFireProjectile,2,
func_234280_a_,getBaseProjectileMotion,2,
func_234281_b_,fireCrossbow,2,
func_234283_m_,registerAttributes,2,
func_234287_m_,registerAttributes,2,
func_234288_m_,registerAttributes,2,
func_234289_eI_,registerAttributes,2,
func_234290_eH_,registerAttributes,2,
func_234291_m_,registerAttributes,2,
func_234292_eK_,registerAttributes,2,
func_234293_eI_,registerAttributes,2,
func_234294_m_,registerAttributes,2,
func_234295_eP_,registerAttributes,2,
func_234296_eI_,registerAttributes,2,
func_234297_m_,registerAttributes,2,
func_234300_m_,registerAttributes,2,
func_234301_m_,registerAttributes,2,
func_234305_eI_,registerAttributes,2,
func_234317_eK_,registerAttributes,2,
func_234322_eI_,registerAttributes,2,
func_234323_eI_,registerAttributes,2,
func_234339_m_,registerAttributes,2,
func_234342_eQ_,registerAttributes,2,
func_234352_eU_,registerAttributes,2,
func_234362_eI_,registerAttributes,2,
func_234416_a_,zombifyPiglin,2,
func_234417_b_,getHighestPassenger,2,
func_234418_b_,canPiglinSpawn,2,
func_234419_d_,setWithChance,2,"Sets the given item to the given slot with a 10% chance."
func_234420_eI_,registerAttributes,2,
func_234422_eK_,canHunt,2,
func_234424_eM_,getPiglinAction,2,
func_234425_eN_,isDancing,2,
func_234432_eW_,createWeapon,2,
func_234433_eX_,isCharging,2,
func_234436_k_,addItemToInventory,2,
func_234437_l_,hasInventorySpace,2,
func_234438_m_,equipMainHand,2,
func_234439_n_,pickUpLovedItem,2,
func_234440_o_,shouldPickUpEquipment,2,
func_234442_u_,setDancing,2,
func_234451_A_,isAdmiringItem,2,
func_234452_B_,isFleeing,2,
func_234453_C_,isUnableToAdmire,2,
func_234454_D_,isOffhandFilled,2,
func_234455_E_,isOffhandItemNotLoved,2,
func_234458_a_,getRandomLookTask,2,
func_234459_a_,isZombifiedNetherMob,2,
func_234460_a_,makesPiglinsNeutral,2,"Gets whether a player entity wears armor that makes piglins neutral."
func_234461_a_,shouldEndAttack,2,
func_234464_a_,initBrainCore,2,
func_234465_a_,takeOneFromItem,2,
func_234466_a_,initSpawnedPiglin,2,
func_234467_a_,shouldStopRiding,2,
func_234468_a_,handleDamagedBy,2,
func_234469_a_,initPiglinBrain,2,
func_234470_a_,takeItem,2,
func_234471_a_,processInteraction,2,
func_234472_a_,throwTradeResultTowardsPlayer,2,
func_234474_a_,wantsItem,2,
func_234475_a_,throwTradeResult,2,
func_234476_a_,throwTradeResultTowards,2,
func_234477_a_,stopItemAction,2,
func_234478_a_,playerBreakGuardedBlock,2,
func_234480_a_,isItemPiglinLoved,2,
func_234481_b_,getRandomWalkTask,2,
func_234482_b_,isPlayerHoldingWantedItem,2,
func_234485_b_,initBrainIdle,2,
func_234486_b_,updatePiglinAI,2,
func_234487_b_,callForHelp,2,
func_234488_b_,initBrainFight,2,
func_234489_b_,isPiglinWantedItem,2,
func_234490_b_,throwTradeResultRandomly,2,
func_234492_b_,isTradingItem,2,
func_234493_c_,getFleeTask,2,
func_234494_c_,isRangedAttacker,2,
func_234495_c_,initBrainCelebrate,2,
func_234496_c_,stopAdmiringItem,2,
func_234497_c_,angerPiglin,2,
func_234498_c_,addItemToPiglinInventory,2,
func_234499_c_,isFoodItem,2,
func_234500_d_,getAvoidZombifiedTask,2,
func_234501_d_,startAdmiringItem,2,
func_234502_d_,initBrainAdmire,2,
func_234504_d_,isClosestAttackTarget,2,
func_234505_e_,getBabyPlayTask,2,
func_234506_e_,canTarget,2,
func_234507_e_,initBrainAvoid,2,
func_234508_e_,hasCrewHuntedRecently,2,
func_234509_e_,tryRevenge,2,
func_234510_f_,isTrackingPlayerHoldingWantedItem,2,
func_234511_f_,initBrainRide,2,
func_234512_f_,setCrewHuntedRecently,2,
func_234513_f_,setPiglinHasBeenCalledForHelp,2,
func_234514_g_,notTrackingPlayerHoldingWantedItem,2,
func_234515_g_,getAvoidedEntity,2,"Gets the entity, a piglin is avoiding."
func_234516_g_,stopCrewAttacking,2,"Stops all piglins from attacking. This does not include piglin brutes."
func_234517_h_,hasKnownLastHurtEntity,2,
func_234518_h_,setPiglinHasHunted,2,
func_234519_h_,stopAttacking,2,
func_234520_i_,isPiglinIdle,2,
func_234521_i_,avoidEntity,2,"Removes the attack target from a piglin, stops it from being angry and makes it avoid the given entity."
func_234522_j_,isRidingOnChild,2,
func_234524_k_,getTradeResult,2,
func_234525_l_,canSeeCurrentFleeingZombie,2,
func_234526_m_,findAttackTarget,2,
func_234528_o_,isAvoidingTargetInRange,2,
func_234529_p_,getPiglinCrew,2,"Gets all near adult piglins visible to a piglin."
func_234530_q_,getNearAdults,2,"Gets all near adult piglins no matter if they are visible."
func_234531_r_,stopWandering,2,
func_234532_s_,getAttackTarget,2,"Gets the mob, a piglin is angry on."
func_234533_t_,shouldStopAvoiding,2,
func_234534_u_,seesMorePiglinsThanHoglins,2,
func_234535_v_,seesMoreHoglinsThanPiglins,2,
func_234536_x_,setPiglinHasEaten,2,
func_234537_y_,findRandomThrowPosition,2,
func_234538_z_,getPiglinHasEaten,2,
func_234539_a_,isHuntTargetDead,2,
func_234563_a_,damageArmor,2,
func_234564_a_,onClearCommand,2,
func_234569_d_,canHarvestBlock,2,
func_234570_el_,registerAttributes,2,
func_234593_u_,canFall,2,
func_234594_z_,fallDown,2,
func_234614_e_,interpolateRotation,2,
func_234615_h_,hasLeftOwner,2,
func_234630_a_,isValidBlockHeight,2,
func_234631_a_,isNotColliding,2,"Gets whether the entity would not collide with any blocks if placed at the given position."
func_234632_a_,getPossibleDismountOffsets,2,"Gets a list of possible dismount offsets for a given facing of the vehicle. The array contains arrays with length 2 containing x and z coordinates relative to the vehicle position."
func_234641_j_,getCraftMatrix,2,
func_234867_d_,getMergedCollisionShapes,2,"Gets block and entity collision shapes for collisions of an entity in a certain bounding box."
func_234938_ad_,getWorldHeight,2,"The height of the world dimension."
func_234968_a_,canMobSpawnIn,2,
func_235011_a_,getStructureSectionStart,2,
func_235956_a_,findStructure,2,
func_235957_b_,getStructureSettings,2,"Gets the dimension structure settings for this generator."
func_235967_a_,readStructures,2,
func_235975_a_,enqueue,2,
func_235985_a_,flushToDisk,2,"Flushes all system caches for the opened region file if possible."
func_235987_a_,flushToDisk,2,"Flushes all system caches for the opened region files if possible."
func_235991_a_,saveDynamic,2,
func_235992_a_,loadDynamic,2,
func_235993_a_,getDataVersion,2,
func_235995_e_,getOrNew,2,
func_236086_a_,getDefaultNoiseBlock,2,"Gets the default block used for generation of the noise map for a noise value and a height (y coordinate)."
func_236087_a_,fillNoiseMap,2,
func_236151_a_,getHorizontalScale,2,
func_236153_b_,getVerticalScale,2,
func_236154_c_,getHorizontalNoiseFactor,2,
func_236155_d_,getVerticalNoiseFactor,2,
func_236169_a_,getWorldGenHeight,2,
func_236171_b_,getScaling,2,
func_236172_c_,getUpperSlide,2,
func_236173_d_,getLowerSlide,2,
func_236174_e_,getHorizontalNoiseCount,2,
func_236175_f_,getVerticalNoiseCount,2,
func_236176_g_,getDensity,2,
func_236177_h_,getDensityOffset,2,
func_236178_i_,getSurfaceNoise,2,
func_236179_j_,getDensityRandom,2,
func_236180_k_,isAlternativeIslandPattern,2,
func_236181_l_,isAmplified,2,
func_236186_a_,getTarget,2,
func_236188_b_,getSize,2,
func_236189_c_,getOffset,2,
func_236195_a_,getSeparationSettingMap,2,
func_236197_a_,getSeparationSettings,2,
func_236199_b_,getSpreadSettings,2,
func_236388_a_,findStructure,2,
func_236660_a_,getDistance,2,
func_236662_b_,getSpread,2,
func_236663_c_,getCount,2,
func_236668_a_,getSeparation,2,
func_236671_b_,getSpacing,2,
func_236673_c_,getSalt,2,
func_236763_a_,getPos,2,
func_236909_a_,placeTreeSoil,2,"Places the soil for the tree. (The block below the trunk)"
func_236913_a_,handleBlockPlacement,2,"Handles block placement (e.g expanding the bounding box) and places the block."
func_237256_a_,shouldSuggest,2,
func_237477_a_,builder,2,
func_237500_a_,decorateNameWithTeam,2,
func_237501_d_,getChatName,2,
func_238233_b_,getTitle,0,
func_239207_a_,render,0,"Renders the item"
func_239219_a_,getItemRenderType,2,
func_239220_a_,getBlockRenderType,2,
func_240698_i_,getDisplayComponent,2,"Gets the component used to display the keybind."
func_241092_a_,findSpawnPosition,2,
func_241094_a_,findSpawnPosition,2,
func_241140_K_,getSpawnPointPos,2,"Gets the block pos of the spawnpoint for this player."
func_241141_L_,getSpawnPointWorld,2,"Gets the world of the spawnpoint for this player."
func_241142_M_,isForcedSpawnPoint,2,"Gets whether the respawn of this player is forced."
func_241147_a_,canReachBed,2,
func_241151_a_,sendChatMessage,2,"Sends a chat message to a player."
func_241156_b_,isBedObstructed,2,
func_241157_eT_,resetAngers,2,
func_241158_g_,canReachBedPart,2,
func_241208_cS_,shouldApplyFluidAcceleration,2,
func_241342_a_,syncHandEquipment,2,
func_241344_b_,syncArmorEquipment,2,
func_241353_q_,syncEquipment,2,"Collects equipment data from the entity and updates the internal values by the collected values. If something changed, sends an entity status packet."
func_241354_r_,collectEquipment,2,
func_241355_J__,resetAndAngerEntity,2,
func_241357_a_,canAngerAtAllPlayers,2,
func_241359_a_,updateAngerAI,2,
func_241395_b_,handleDefaultHorseInteraction,2,
func_241417_a_,playSoundPitched,2,
func_241422_a_,getActivitySound,2,
func_241427_c_,pickUpLovedItem,2,
func_241428_d_,getAvoidEnemiesTask,2,
func_241429_d_,getAmbientSound,2,
func_241430_f_,angerNearbyPiglins,2,
func_241431_f_,angerPiglinUniversal,2,"Angers a piglin but not only to a specific player bit to all players."
func_241432_i_,getNearestAttackablePlayer,2,
func_241457_a_,getBlockCollisionShapes,2,
func_241755_D_,getOverworld,2,"Gets the Overworld for this minecraft server."
func_241815_c_,getLastGameType,2,
func_241820_a,setGameType,2,
func_241821_eG,startTalking,2,
func_241827_a,getStructureSectionStart,2,
func_241828_r,getDynamicRegistries,2,"Gets the dynamic registries instance for a world."
func_241829_a,getPortalInfo,2,
func_241830_a,findExistingNetherPortal,2,
func_241839_a,getPortalOffset,2,
func_241844_w,randomEnchantMainHandItem,2,
func_241845_aY,isEntitySolid,2,"Gets whether this entity is solid. This means other entities can walk on them instead of pushing them away."
func_241848_eP,playZombificationSound,2,
func_241850_m,getPrimaryRecipeBookCategory,2,
func_241851_ab,getDayTimeInfo,2,"Gets the time of the day from the world info."
func_241854_a,checkCollisionShape,2,
func_241872_a,axisOffset,2,
func_242109_L,getSpawnPointYaw,2,"Gets the yaw rotation of this player after respawning."
func_242110_a,spawnEndObsidianIsland,2,
func_242111_a,setSpawnPoint,2,"Sets the respawn point for a player."
func_242234_a,from,0,"Creates a new reordering processor from two other processors."
func_242241_a,fromList,0,"Creates a new reordering processor from a list of other processors."
func_242277_a,setPositionOffset,2,
func_242278_a,isInBlockCollisionBox,0,"Checks whether this entities collision box is inside the collsion box of the given block state at the given position."
func_242285_a,getBoundingBox,2,"Gets the bounding box for an entity at the given location."
func_242286_a,getBoundingBox,2,"Gets the bounding box for an entity at the given location."
func_242288_h,adjustInPortalPosition,2,
func_242289_a,randomEnchantArmorItem,2,
func_242325_a,getTypeForBiome,2,
func_242330_s,getArmorStandSize,2,
func_242335_eK,isImmuneToZombification,2,
func_242336_eL,shouldZombify,2,
func_242337_eM,isPiglinAdult,2,
func_242338_eO,isHoldingTool,2,
func_242339_eS,setCanBreakDoors,2,
func_242340_t,setImmuneToZombification,2,
func_242344_eS,registerAttributes,2,
func_242345_eT,playAngerSound,2,
func_242346_a,getRandomLookTask,2,
func_242347_a,canTarget,2,
func_242349_a,findAttackTarget,2,
func_242350_a,isClosestAttackTarget,2,
func_242351_a,getMemoryTargetInRange,2,
func_242352_a,setHome,2,"Sets the current position of the piglin brute as its home."
func_242353_a,handleDamagedBy,2,
func_242354_a,initBruteBrain,2,
func_242356_b,getRandomWalkTask,2,
func_242358_b,startFighting,2,
func_242359_b,initBrainCore,2,
func_242360_c,tryPlayFightSound,2,
func_242362_c,initBrainIdle,2,
func_242363_d,playFightSound,2,"Plays the anger sound for a piglin if it has a fight memory."
func_242364_d,initBrainFight,2,
func_242374_a,getSpawnVec,2,"Looks for a valid respawn location and uses up a charge from a respawn anchor if possible."
func_242375_q,isNotOnGround,2,
func_242378_a,canColliedWithVehicle,2,
func_242379_a,getWakeUpPosition,2,
func_242380_a,getCollisionShapeForDismounting,2,
func_242381_a,canDismountEntityAt,2,
func_242383_a,findCollidableBlockCeiling,2,
func_242401_i,getRayTraceResult,2,
func_242402_a,getBlockShapeHeight,2,"Gets the height of a block given its VoxelShape and a supplier for the VoxelShape of the block below. The block below is only considered if the first VoxelShape is empty. The height is relative to the blocks y coordinate. If the height can not be determined, returns negative infinity."
func_242403_h,getBlockCollisionHeight,2,"Gets the block height of the block at the given position. The height is relative to the blocks y coordinate. If the height can not be determined, returns negative infinity."
func_242405_a,boxHasNoCollisions,0,"Gets whether there are no block collision shapes in the given bounding box."
func_242406_i,getBiomeKey,2,
func_242415_f,getCelestialAngle,2,"Gets the celestial angle by the current time of the day."
func_242417_l,addEntityAndPassengers,2,
func_242652_a,getWakeUpPosition,2,
func_242653_a,getWakeUpPositionOnBed,2,
func_242654_a,getWakeupPositionForBlock,2,
func_242705_a,addStructureStart,2,"Adds a structure start to the structure manager."
func_242707_a,addStructureStarts,2,"Adds structure starts for all structures in the dimension settings to the structure manager."
func_242741_a,createNetherLike,2,
func_242742_a,createEndLike,2,
func_242743_a,createOverworldLike,2,
func_242744_a,isValidForDimension,2,"Gets whether this dimension settings are the dimension settings registered for a given world key."
func_242830_b,getAbstractFoliageCodec,2,
func_242929_a,withConfiguration,2,
func_242936_a,getLayerBiome,2,"Gets the biome for this layer at a position."
func_242963_a,getRepositionedPortalInfo,2,
func_242969_a,getRawPortalHeight,2,
func_242970_a,checkUpperFrame,2,
func_242971_a,getBottomLeftCorner,2,
func_242972_a,getPortalSideLength,2,"Gets the side length for this portal size. Starts at the given position and tries to advance in the given direction as far as possible as long as the positions are valid."
func_242973_a,getPortalEntityOffset,2,
func_242974_d,getValidWidth,2,"Gets the width for this portal size or 0 if the portal size is too wide."
func_242975_e,getPortalHeight,2,
func_243514_a,iterableSpiralPlane,2,"Gets an iterable that will always return the same mutable block pos but after each call to `next` the mutable is advanced to the next position. Positions in the iterable are located around the center pos and go in the two directions and their opposites by the given amount of blocks as radius. The two directions may not be on the same axis. The position is advanced in a spiral."
func_243531_h,move,2,
func_244435_a,getPlayerChatFilter,2,
func_244521_F,getDebugInformation,2,"Gets some debug information about the world in a string."
func_244529_Q,getChatFilter,2,
func_244566_a,getProfileChatFilter,2,
func_244709_b,getProtocolVersion,2,
func_244803_b,randomAxisFromPlane,2,"Gets a random axis from this plane."
