searge,name,side
field_197670_d,selectorObj,2
field_217105_a,headRender,1
field_219531_f,diameter2,2
field_224243_g,screenTitle,1
field_224462_h,screenTitle,1
field_224519_e,screenTitle,1
field_227499_f_,conditionFunc,2
field_228254_a_,fishR,1
field_228255_b_,fishG,1
field_228256_f_,fishB,1
field_230713_a_,screenTitle,1
field_233611_b_,boostTimeDirect,2
field_236264_b_,REGISTRY_CODEC,2
field_239504_e_,currentDefaultLanguage,1
field_243275_q,messageReader,1
field_243289_b,messageReader,1
field_244391_b_,REGISTRY_CODEC,2
field_244651_o,minecraftIn,1
